Bitcoin,BTC,57244.76,coin
Bitcoin,BTC,57244.76,coin
Bitcoin,BTC,57244.76,coin
Bitcoin,BTC,57244.76,coin
Bitcoin,BTC,57244.76,coin
Bitcoin,BTC,57244.76,coin
Bitcoin,BTC,57244.76,coin
Bitcoin,BTC,57244.76,coin
Bitcoin,BTC,57244.76,coin
Bitcoin,BTC,57244.76,coin
Bitcoin,BTC,57244.76,coin
Bitcoin,BTC,57244.76,coin
Bitcoin,BTC,57244.76,coin
Bitcoin,BTC,57244.76,coin
Bitcoin,BTC,57244.76,coin
Bitcoin,BTC,57244.76,coin
Bitcoin,BTC,57244.76,coin
Bitcoin,BTC,57244.76,coin
Bitcoin,BTC,57244.76,coin
Bitcoin,BTC,57244.76,coin
Bitcoin,BTC,57244.76,coin
Bitcoin,BTC,57244.76,coin
Bitcoin,BTC,57244.76,coin
Bitcoin,BTC,57244.76,coin
Bitcoin,BTC,57244.76,coin
Bitcoin,BTC,57244.76,coin
Bitcoin,BTC,57244.76,coin
Bitcoin,BTC,57244.76,coin
Bitcoin,BTC,57244.76,coin
Bitcoin,BTC,57244.76,coin
Bitcoin,BTC,57244.76,coin
Bitcoin,BTC,57244.76,coin
Bitcoin,BTC,57244.76,coin
Bitcoin,BTC,57244.76,coin
Bitcoin,BTC,57244.76,coin
Bitcoin,BTC,57244.76,coin
Bitcoin,BTC,57244.76,coin
Bitcoin,BTC,57244.76,coin
Bitcoin,BTC,57244.76,coin
Bitcoin,BTC,57244.76,coin
Bitcoin,BTC,57244.76,coin
Bitcoin,BTC,57244.76,coin
Bitcoin,BTC,57244.76,coin
Bitcoin,BTC,57244.76,coin
Bitcoin,BTC,57244.76,coin
Bitcoin,BTC,57244.76,coin
Bitcoin,BTC,57244.76,coin
Bitcoin,BTC,57244.76,coin
Bitcoin,BTC,57244.76,coin
Bitcoin,BTC,57244.76,coin
Bitcoin,BTC,57244.76,coin
Bitcoin,BTC,57244.76,coin
Bitcoin,BTC,57244.76,coin
Bitcoin,BTC,57244.76,coin
Bitcoin,BTC,57244.76,coin
Bitcoin,BTC,57244.76,coin
Bitcoin,BTC,57244.76,coin
Bitcoin,BTC,57244.76,coin
Bitcoin,BTC,57244.76,coin
Bitcoin,BTC,57244.76,coin
Bitcoin,BTC,57244.76,coin
Bitcoin,BTC,57244.76,coin
Bitcoin,BTC,57244.76,coin
Bitcoin,BTC,57244.76,coin
Bitcoin,BTC,57244.76,coin
Bitcoin,BTC,57244.76,coin
Bitcoin,BTC,57244.76,coin
Bitcoin,BTC,57244.76,coin
Bitcoin,BTC,57244.76,coin
Bitcoin,BTC,57244.76,coin
Bitcoin,BTC,57244.76,coin
Bitcoin,BTC,57244.76,coin
Bitcoin,BTC,57244.76,coin
Bitcoin,BTC,57244.76,coin
Bitcoin,BTC,57244.76,coin
Bitcoin,BTC,57244.76,coin
Bitcoin,BTC,57244.76,coin
Bitcoin,BTC,57244.76,coin
Bitcoin,BTC,57244.76,coin
Bitcoin,BTC,57244.76,coin
Bitcoin,BTC,57244.76,coin
Bitcoin,BTC,57244.76,coin
Bitcoin,BTC,57244.76,coin
Bitcoin,BTC,57244.76,coin
Bitcoin,BTC,57244.76,coin
Bitcoin,BTC,57244.76,coin
Bitcoin,BTC,57244.76,coin
Bitcoin,BTC,57244.76,coin
Bitcoin,BTC,57244.76,coin
Bitcoin,BTC,57244.76,coin
Bitcoin,BTC,57244.76,coin
Bitcoin,BTC,57244.76,coin
Bitcoin,BTC,57244.76,coin
Bitcoin,BTC,57244.76,coin
Bitcoin,BTC,57244.76,coin
Bitcoin,BTC,57244.76,coin
Bitcoin,BTC,57244.76,coin
Bitcoin,BTC,57244.76,coin
Bitcoin,BTC,57244.76,coin
Bitcoin,BTC,57244.76,coin
Bitcoin,BTC,57244.76,coin
Bitcoin,BTC,57244.76,coin
Bitcoin,BTC,57244.76,coin
Bitcoin,BTC,57244.76,coin
Bitcoin,BTC,57244.76,coin
Bitcoin,BTC,57244.76,coin
Bitcoin,BTC,57244.76,coin
Bitcoin,BTC,57244.76,coin
Ethereum,ETH,3478.77,coin
Ethereum,ETH,3478.77,coin
Ethereum,ETH,3478.77,coin
Ethereum,ETH,3478.77,coin
Ethereum,ETH,3478.77,coin
Ethereum,ETH,3478.77,coin
Ethereum,ETH,3478.77,coin
Ethereum,ETH,3478.77,coin
Ethereum,ETH,3478.77,coin
Ethereum,ETH,3478.77,coin
Ethereum,ETH,3478.77,coin
Ethereum,ETH,3478.77,coin
Ethereum,ETH,3478.77,coin
Ethereum,ETH,3478.77,coin
Ethereum,ETH,3478.77,coin
Ethereum,ETH,3478.77,coin
Ethereum,ETH,3478.77,coin
Ethereum,ETH,3478.77,coin
Ethereum,ETH,3478.77,coin
Ethereum,ETH,3478.77,coin
Ethereum,ETH,3478.77,coin
Ethereum,ETH,3478.77,coin
Ethereum,ETH,3478.77,coin
Ethereum,ETH,3478.77,coin
Ethereum,ETH,3478.77,coin
Ethereum,ETH,3478.77,coin
Ethereum,ETH,3478.77,coin
Ethereum,ETH,3478.77,coin
Ethereum,ETH,3478.77,coin
Ethereum,ETH,3478.77,coin
Ethereum,ETH,3478.77,coin
Ethereum,ETH,3478.77,coin
Ethereum,ETH,3478.77,coin
Ethereum,ETH,3478.77,coin
Ethereum,ETH,3478.77,coin
Ethereum,ETH,3478.77,coin
Ethereum,ETH,3478.77,coin
Ethereum,ETH,3478.77,coin
Ethereum,ETH,3478.77,coin
Ethereum,ETH,3478.77,coin
Ethereum,ETH,3478.77,coin
Cardano,ADA,2.11,coin
Cardano,ADA,2.11,coin
Cardano,ADA,2.11,coin
Cardano,ADA,2.11,coin
Cardano,ADA,2.11,coin
Cardano,ADA,2.11,coin
Cardano,ADA,2.11,coin
Tether,USDT,1.00,coin
Tether,USDT,1.00,coin
Tether,USDT,1.00,coin
Tether,USDT,1.00,coin
Tether,USDT,1.00,coin
Tether,USDT,1.00,coin
Tether,USDT,1.00,coin
Binance Coin,BNB,402.18,coin
Binance Coin,BNB,402.18,coin
Binance Coin,BNB,402.18,coin
Binance Coin,BNB,402.18,coin
Binance Coin,BNB,402.18,coin
Binance Coin,BNB,402.18,coin
Binance Coin,BNB,402.18,coin
XRP,XRP,1.09,coin
XRP,XRP,1.09,coin
XRP,XRP,1.09,coin
XRP,XRP,1.09,coin
XRP,XRP,1.09,coin
Solana,SOL,142.98,coin
Solana,SOL,142.98,coin
Solana,SOL,142.98,coin
Solana,SOL,142.98,coin
Polkadot,DOT,33.37,coin
Polkadot,DOT,33.37,coin
Polkadot,DOT,33.37,coin
USD Coin,USDC,1.00,coin
USD Coin,USDC,1.00,coin
USD Coin,USDC,1.00,coin
Dogecoin,DOGE,0.2247,coin
Dogecoin,DOGE,0.2247,coin
Dogecoin,DOGE,0.2247,coin